{"stat.leaveGame":7,"stat.craftItem.minecraft.iron_axe":1,"stat.craftItem.leatherworks.pack_brown":2,"stat.mineBlock.minecraft.sandstone":131,"stat.useItem.minecraft.planks":160,"stat.craftItem.opframe.opframe":1,"stat.pickup.minecraft.porkchop":36,"stat.pickup.leatherworks.sealed_barrel_oak":1,"stat.useItem.minecraft.water_bucket":63,"stat.drop.minecraft.iron_sword":1,"stat.pickup.minecraft.rotten_flesh":25,"stat.pickup.minecraft.sand":50,"stat.craftItem.minecraft.stone_axe":1,"stat.killEntity.Enderman":2,"stat.mineBlock.leatherworks.drying_rack_oak":2,"stat.craftItem.minecraft.iron_shovel":3,"stat.mineBlock.minecraft.sand":52,"stat.killEntity.Witch":2,"stat.craftItem.minecraft.cooked_fish":1,"stat.useItem.minecraft.iron_pickaxe":1421,"stat.pickup.minecraft.stained_hardened_clay":2,"stat.craftItem.minecraft.wooden_pickaxe":1,"stat.useItem.minecraft.iron_shovel":905,"stat.craftItem.minecraft.birch_door":3,"stat.craftItem.minecraft.bed":1,"stat.mineBlock.chisel.marble2":587,"stat.useItem.minecraft.oak_stairs":3,"stat.pickup.minecraft.wooden_shovel":1,"stat.furnaceInteraction":159,"stat.craftItem.minecraft.acacia_stairs":8,"stat.killEntity.ZombieVillager":4,"stat.pickup.minecraft.beef":11,"stat.pickup.minecraft.furnace":1,"stat.useItem.minecraft.cooked_mutton":3,"stat.drop.minecraft.stained_hardened_clay":1,"stat.mineBlock.minecraft.stained_hardened_clay":1,"stat.useItem.minecraft.fence":52,"stat.useItem.minecraft.stone_stairs":53,"stat.mineBlock.minecraft.fence":5,"stat.useItem.minecraft.wheat_seeds":50,"stat.mineBlock.astralsorcery.blockmarble":122,"stat.killEntity.Husk":1,"stat.craftItem.chisel.chisel_diamond":1,"stat.useItem.minecraft.dye":33,"stat.deaths":14,"stat.pickup.minecraft.egg":43,"stat.playOneMinute":506626,"stat.craftItem.minecraft.wooden_shovel":1,"stat.craftItem.minecraft.iron_pickaxe":8,"stat.useItem.chisel.planks-oak":53,"stat.pickup.astralsorcery.blockmarblestairs":3,"stat.pickup.chisel.marble2":576,"stat.mineBlock.minecraft.tallgrass":422,"stat.fishCaught":16,"stat.pickup.minecraft.cooked_mutton":3,"stat.pickup.chisel.dirt":3,"stat.chestOpened":150,"stat.mineBlock.chisel.planks-birch":9,"stat.useItem.props.props":62,"stat.craftItem.leatherworks.leather_strip":8,"stat.useItem.minecraft.stone":20,"stat.pickup.minecraft.arrow":19,"stat.pickup.minecraft.iron_sword":2,"stat.mineBlock.chisel.dirt":2,"stat.drop.minecraft.flint":4,"stat.craftItem.cfm.cabinet_stone":1,"stat.craftItem.minecraft.coal":3,"stat.craftItem.minecraft.iron_hoe":1,"stat.fallOneCm":123555,"stat.pickup.minecraft.carrot":14,"stat.crouchOneCm":25649,"stat.craftItem.minecraft.iron_ingot":241,"stat.craftItem.minecraft.chest":7,"stat.useItem.minecraft.iron_hoe":107,"stat.craftingTableInteraction":98,"stat.useItem.minecraft.reeds":5,"stat.pickup.minecraft.dye":139,"stat.pickup.minecraft.planks":23,"stat.pickup.chisel.limestone2":16,"stat.pickup.minecraft.wheat_seeds":367,"stat.mineBlock.minecraft.gravel":8,"stat.useItem.minecraft.stone_pickaxe":679,"stat.craftItem.minecraft.iron_leggings":1,"stat.craftItem.minecraft.oak_stairs":4,"stat.mineBlock.minecraft.dirt":1029,"stat.pickup.minecraft.poisonous_potato":3,"stat.useItem.minecraft.torch":287,"stat.useItem.minecraft.bread":4,"stat.drop.leatherworks.rawhide_cow":2,"stat.drop.minecraft.rotten_flesh":1,"stat.craftItem.minecraft.stone_stairs":60,"stat.useItem.minecraft.cobblestone":72,"stat.craftItem.minecraft.crafting_table":5,"stat.useItem.minecraft.gravel":1,"stat.mineBlock.minecraft.double_plant":4,"stat.pickup.minecraft.log":224,"stat.pickup.minecraft.tallgrass":9,"stat.craftItem.minecraft.gold_ingot":63,"stat.pickup.minecraft.sapling":14,"stat.pickup.minecraft.apple":4,"stat.useItem.minecraft.birch_door":1,"stat.pickup.minecraft.beetroot":5,"stat.craftItem.minecraft.bucket":1,"stat.craftItem.minecraft.planks":912,"stat.useItem.minecraft.iron_sword":391,"stat.craftItem.props.props":1,"stat.craftItem.minecraft.fishing_rod":1,"stat.mineBlock.minecraft.log":23,"stat.pickup.minecraft.red_flower":32,"stat.sneakTime":9635,"stat.pickup.minecraft.wool":55,"stat.useItem.minecraft.baked_potato":66,"stat.useItem.minecraft.wooden_axe":22,"stat.pickup.minecraft.yellow_flower":5,"stat.useItem.minecraft.beetroot":1,"stat.useItem.minecraft.fishing_rod":18,"stat.pickup.minecraft.chest":1,"stat.drop.minecraft.stone_pickaxe":1,"stat.craftItem.astralsorcery.blockmarblestairs":112,"stat.pickup.minecraft.bone":29,"stat.craftItem.leatherworks.barrel_oak":1,"stat.craftItem.leatherworks.drying_rack_oak":8,"stat.useItem.minecraft.iron_axe":128,"stat.useItem.astralsorcery.blockmarblestairs":89,"stat.mineBlock.minecraft.cobblestone":51,"stat.pickup.chisel.planks-oak":54,"stat.pickup.minecraft.stone_pickaxe":2,"stat.pickup.minecraft.flint":8,"stat.mineBlock.minecraft.yellow_flower":1,"stat.entityKilledBy.Witch":1,"stat.craftItem.leatherworks.sealed_barrel_oak":1,"stat.swimOneCm":186234,"stat.climbOneCm":1102,"stat.useItem.minecraft.dirt":134,"stat.useItem.minecraft.stone_slab2":135,"stat.pickup.minecraft.bow":3,"stat.craftItem.minecraft.furnace":3,"stat.useItem.minecraft.egg":32,"stat.craftItem.minecraft.iron_boots":1,"stat.craftItem.minecraft.stone_pickaxe":6,"stat.craftItem.minecraft.cooked_beef":10,"stat.pickup.minecraft.cobblestone":1388,"stat.craftItem.minecraft.bow":2,"stat.mineBlock.minecraft.clay":67,"stat.mineBlock.chisel.limestone2":26,"stat.useItem.minecraft.stone_shovel":244,"stat.flyOneCm":1002199,"stat.pickup.minecraft.sandstone":119,"stat.pickup.minecraft.fish":16,"stat.craftItem.minecraft.wooden_slab":24,"stat.pickup.minecraft.cactus":51,"stat.mineBlock.cfm.cabinet_stone":1,"stat.pickup.minecraft.redstone":303,"stat.mineBlock.minecraft.iron_ore":248,"stat.timeSinceDeath":32514,"stat.craftItem.leatherworks.crafting_leather_scraped":15,"stat.pickup.minecraft.mutton":1,"stat.useItem.minecraft.potato":45,"stat.useItem.minecraft.acacia_stairs":6,"stat.mineBlock.minecraft.coal_ore":315,"stat.killEntity.Creeper":5,"stat.pickup.extrautils2.ingredients":9,"stat.pickup.minecraft.string":4,"stat.pickup.comforts.sleeping_bag":3,"stat.useItem.astralsorcery.blockmarble":356,"stat.pickup.tombstone.crafting_ingredient":9,"stat.entityKilledBy.Skeleton":3,"stat.craftItem.minecraft.stone_slab2":0,"stat.sprintOneCm":621858,"stat.craftItem.minecraft.stick":196,"stat.craftItem.minecraft.wooden_axe":1,"stat.craftItem.minecraft.stone":18,"stat.mineBlock.minecraft.diamond_ore":21,"stat.useItem.minecraft.diamond_pickaxe":1128,"stat.useItem.minecraft.carrot":2,"stat.useItem.leatherworks.drying_rack_oak":5,"stat.useItem.minecraft.wooden_shovel":50,"stat.craftItem.minecraft.wooden_pressure_plate":1,"stat.entityKilledBy.Creeper":3,"stat.pickup.leatherworks.drying_rack_oak":2,"stat.mineBlock.minecraft.planks":21,"stat.drop":10,"stat.killEntity.Sheep":1,"stat.pickup.minecraft.slime_ball":2,"stat.craftItem.minecraft.diamond_pickaxe":1,"stat.killEntity.Zombie":28,"stat.craftItem.minecraft.dye":135,"stat.craftItem.minecraft.clay":1,"stat.mineBlock.minecraft.gold_ore":67,"stat.diveOneCm":110099,"stat.pickup.minecraft.wheat":131,"stat.mineBlock.astralsorcery.blockmarblestairs":3,"stat.pickup.minecraft.gravel":24,"stat.useItem.chisel.marblepillar":8,"stat.craftItem.minecraft.cooked_porkchop":36,"stat.useItem.minecraft.apple":3,"stat.jump":5684,"stat.useItem.minecraft.sand":2,"stat.pickup.minecraft.fence":2,"stat.pickup.minecraft.coal":313,"stat.useItem.minecraft.stone_axe":35,"stat.pickup.minecraft.gunpowder":6,"stat.craftItem.minecraft.bread":11,"stat.pickup.minecraft.spider_eye":3,"stat.craftItem.minecraft.torch":316,"stat.pickup.minecraft.dirt":1184,"stat.craftItem.minecraft.iron_helmet":1,"stat.craftItem.comforts.sleeping_bag":2,"stat.pickup.minecraft.iron_ore":241,"stat.pickup.leatherworks.rawhide_pig":11,"stat.useItem.minecraft.glass":5,"stat.pickup.chisel.planks-birch":8,"stat.pickup.leatherworks.rawhide_cow":10,"stat.pickup.minecraft.gold_ore":64,"stat.mineBlock.minecraft.lapis_ore":25,"stat.craftItem.leatherworks.leather_sheet":8,"stat.damageTaken":6404,"stat.pickup.minecraft.leather":4,"stat.mineBlock.minecraft.furnace":1,"stat.mineBlock.minecraft.torch":63,"stat.mineBlock.minecraft.red_flower":31,"stat.useItem.minecraft.wooden_pickaxe":59,"stat.pickup.minecraft.log2":17,"stat.pickup.minecraft.reeds":12,"stat.useItem.tombstone.grave_key":18,"stat.pickup.minecraft.potato":293,"stat.craftItem.minecraft.glass":18,"stat.damageDealt":17831,"stat.pickup.cfm.cabinet_stone":1,"stat.sleepInBed":20,"stat.craftItem.minecraft.baked_potato":187,"stat.killEntity.Cow":5,"stat.killEntity.Pig":17,"stat.craftItem.minecraft.iron_sword":2,"stat.craftItem.minecraft.stone_shovel":3,"stat.walkOneCm":1645148,"stat.animalsBred":20,"stat.useItem.minecraft.chest":1,"stat.pickup.minecraft.stick":1,"stat.pickup.minecraft.clay_ball":268,"stat.useItem.minecraft.gold_ore":1,"stat.mineBlock.chisel.basalt2":1,"stat.pickup.minecraft.stone":246,"stat.craftItem.minecraft.iron_chestplate":1,"stat.useItem.minecraft.cactus":2,"stat.killEntity.Skeleton":23,"stat.mineBlock.minecraft.cactus":37,"stat.useItem.chisel.planks-birch":271,"stat.killEntity.Spider":9,"stat.pickup.astralsorcery.itemcraftingcomponent":4,"stat.mobKills":100,"stat.mineBlock.leatherworks.sealed_barrel_oak":1,"stat.craftItem.minecraft.shears":2,"stat.craftItem.minecraft.fence":66,"stat.craftItem.extrautils2.trashcan":1,"stat.pickup.props.props":11,"stat.pickup.minecraft.diamond":21,"stat.mineBlock.minecraft.leaves":8,"stat.pickup.minecraft.beetroot_seeds":21,"stat.pickup.minecraft.torch":119,"stat.mineBlock.minecraft.redstone_ore":70,"stat.mineBlock.astralsorcery.blockcustomsandore":1,"stat.pickup.astralsorcery.blockmarble":116,"stat.mineBlock.chisel.planks-oak":54,"stat.mineBlock.minecraft.stone":1606}