{"stat.leaveGame":6,"stat.pickup.extrautils2.redorchid":2,"stat.craftItem.minecraft.iron_axe":1,"stat.useItem.cfm.stone_path":32,"stat.mineBlock.minecraft.sandstone":48,"stat.useItem.minecraft.mutton":4,"stat.mineBlock.leatherworks.sealed_barrel_acacia":1,"stat.useItem.minecraft.planks":598,"stat.useItem.minecraft.water_bucket":30,"stat.pickup.minecraft.rotten_flesh":28,"stat.pickup.minecraft.sand":26,"stat.craftItem.minecraft.stone_axe":2,"stat.killEntity.Enderman":2,"stat.mineBlock.leatherworks.drying_rack_oak":1,"stat.pickup.minecraft.brown_mushroom":2,"stat.mineBlock.minecraft.sand":27,"stat.useItem.minecraft.iron_pickaxe":158,"stat.craftItem.minecraft.wooden_pickaxe":1,"stat.pickup.leatherworks.bark_acacia":4,"stat.pickup.minecraft.double_plant":1,"stat.craftItem.minecraft.bed":1,"stat.mineBlock.chisel.marble2":10,"stat.furnaceInteraction":71,"stat.killEntity.ZombieVillager":3,"stat.pickup.extrautils2.enderlilly":2,"stat.pickup.railcraft.generic":17,"stat.pickup.minecraft.beef":7,"stat.useItem.minecraft.cooked_mutton":14,"stat.pickup.minecraft.furnace":5,"stat.mineBlock.minecraft.stained_hardened_clay":2,"stat.useItem.minecraft.stone_stairs":111,"stat.useItem.minecraft.acacia_fence":89,"stat.useItem.minecraft.wheat_seeds":12,"stat.mineBlock.astralsorcery.blockmarble":59,"stat.useItem.minecraft.dye":10,"stat.deaths":4,"stat.pickup.minecraft.egg":66,"stat.playOneMinute":312219,"stat.craftItem.minecraft.iron_pickaxe":1,"stat.pickup.astralsorcery.blockmarblestairs":6,"stat.drop.minecraft.torch":1,"stat.pickup.chisel.marble2":10,"stat.mineBlock.minecraft.tallgrass":642,"stat.craftItem.minecraft.cooked_mutton":17,"stat.chestOpened":179,"stat.useItem.props.props":6,"stat.useItem.minecraft.stone":3,"stat.pickup.minecraft.arrow":6,"stat.pickup.minecraft.wooden_pressure_plate":2,"stat.craftItem.minecraft.coal":26,"stat.fallOneCm":72976,"stat.pickup.minecraft.carrot":18,"stat.crouchOneCm":18123,"stat.mineBlock.minecraft.chest":1,"stat.craftItem.minecraft.chest":6,"stat.craftItem.minecraft.iron_ingot":66,"stat.craftingTableInteraction":88,"stat.mineBlock.minecraft.wooden_pressure_plate":2,"stat.mineBlock.minecraft.log2":33,"stat.pickup.minecraft.feather":12,"stat.useItem.minecraft.furnace":2,"stat.useItem.minecraft.reeds":16,"stat.craftItem.minecraft.wooden_sword":1,"stat.pickup.minecraft.dye":6,"stat.pickup.minecraft.planks":177,"stat.pickup.chisel.limestone2":30,"stat.pickup.minecraft.wheat_seeds":162,"stat.pickup.leatherworks.sealed_barrel_acacia":1,"stat.mineBlock.minecraft.gravel":46,"stat.useItem.minecraft.stone_pickaxe":1114,"stat.craftItem.minecraft.iron_leggings":1,"stat.craftItem.cfm.stone_path":72,"stat.mineBlock.minecraft.dirt":189,"stat.useItem.minecraft.torch":116,"stat.useItem.minecraft.bread":3,"stat.craftItem.minecraft.stone_stairs":148,"stat.mineBlock.railcraft.ore":6,"stat.pickup.minecraft.crafting_table":2,"stat.useItem.minecraft.cobblestone":76,"stat.craftItem.minecraft.crafting_table":3,"stat.useItem.minecraft.gravel":15,"stat.mineBlock.minecraft.double_plant":24,"stat.pickup.minecraft.log":56,"stat.useItem.minecraft.yellow_flower":1,"stat.craftItem.minecraft.gold_ingot":3,"stat.pickup.minecraft.chicken":10,"stat.pickup.minecraft.sapling":25,"stat.pickup.minecraft.wooden_door":1,"stat.entityKilledBy.Enderman":2,"stat.useItem.railcraft.tool_axe_steel":170,"stat.pickup.minecraft.beetroot":5,"stat.craftItem.minecraft.bucket":1,"stat.craftItem.minecraft.planks":886,"stat.useItem.minecraft.iron_sword":296,"stat.craftItem.props.props":1,"stat.craftItem.minecraft.fishing_rod":1,"stat.pickup.minecraft.book":21,"stat.mineBlock.minecraft.log":2,"stat.craftItem.minecraft.wooden_door":3,"stat.craftItem.minecraft.cooked_chicken":10,"stat.useItem.minecraft.stone_hoe":15,"stat.useItem.minecraft.wooden_door":2,"stat.craftItem.minecraft.paper":6,"stat.pickup.minecraft.red_flower":28,"stat.sneakTime":6017,"stat.pickup.minecraft.wool":36,"stat.useItem.minecraft.baked_potato":3,"stat.useItem.minecraft.wooden_axe":65,"stat.pickup.minecraft.yellow_flower":34,"stat.drop.minecraft.wooden_axe":1,"stat.useItem.minecraft.fishing_rod":1,"stat.pickup.minecraft.chest":1,"stat.craftItem.minecraft.enchanting_table":1,"stat.pickup.minecraft.bone":12,"stat.craftItem.leatherworks.barrel_oak":1,"stat.useItem.minecraft.iron_axe":9,"stat.mineBlock.minecraft.cobblestone":2,"stat.pickup.minecraft.flint":8,"stat.mineBlock.minecraft.yellow_flower":14,"stat.mineBlock.minecraft.acacia_fence":8,"stat.craftItem.minecraft.wool":3,"stat.useItem.minecraft.diamond_sword":26,"stat.swimOneCm":90500,"stat.craftItem.leatherworks.sealed_barrel_acacia":1,"stat.useItem.minecraft.dirt":54,"stat.useItem.minecraft.stone_slab2":80,"stat.pickup.minecraft.bow":2,"stat.craftItem.minecraft.furnace":4,"stat.useItem.minecraft.egg":26,"stat.craftItem.minecraft.iron_boots":1,"stat.craftItem.minecraft.stone_pickaxe":14,"stat.craftItem.minecraft.cooked_beef":7,"stat.pickup.minecraft.cobblestone":620,"stat.craftItem.minecraft.bow":1,"stat.mineBlock.minecraft.clay":33,"stat.useItem.minecraft.stone_shovel":246,"stat.mineBlock.chisel.limestone2":30,"stat.flyOneCm":799168,"stat.pickup.minecraft.sandstone":45,"stat.useItem.minecraft.cooked_beef":6,"stat.pickup.minecraft.cactus":92,"stat.pickup.minecraft.redstone":165,"stat.mineBlock.minecraft.iron_ore":71,"stat.timeSinceDeath":66079,"stat.craftItem.minecraft.acacia_door":3,"stat.craftItem.leatherworks.crafting_leather_scraped":4,"stat.pickup.minecraft.mutton":21,"stat.useItem.minecraft.potato":1,"stat.pickup.minecraft.wooden_axe":1,"stat.pickup.railcraft.dust":22,"stat.mineBlock.minecraft.coal_ore":210,"stat.craftItem.minecraft.acacia_fence":120,"stat.killEntity.Creeper":1,"stat.pickup.extrautils2.ingredients":4,"stat.craftItem.minecraft.stone_hoe":1,"stat.pickup.minecraft.string":13,"stat.useItem.astralsorcery.blockmarble":2,"stat.pickup.tombstone.crafting_ingredient":2,"stat.entityKilledBy.Skeleton":1,"stat.craftItem.minecraft.stone_slab2":0,"stat.sprintOneCm":594686,"stat.drop.minecraft.leather":2,"stat.craftItem.minecraft.stick":260,"stat.craftItem.minecraft.wooden_axe":3,"stat.mineBlock.minecraft.diamond_ore":16,"stat.pickup.minecraft.grass":1,"stat.mineBlock.minecraft.crafting_table":2,"stat.useItem.minecraft.diamond_pickaxe":9,"stat.useItem.minecraft.carrot":11,"stat.craftItem.minecraft.wooden_pressure_plate":1,"stat.pickup.leatherworks.drying_rack_oak":1,"stat.mineBlock.minecraft.planks":172,"stat.drop":4,"stat.useItem.minecraft.wooden_sword":13,"stat.killEntity.Sheep":14,"stat.craftItem.minecraft.diamond_pickaxe":1,"stat.killEntity.Zombie":14,"stat.craftItem.minecraft.dye":77,"stat.craftItem.minecraft.clay":7,"stat.mineBlock.minecraft.gold_ore":3,"stat.diveOneCm":91218,"stat.craftItem.leatherworks.tannin_ball":2,"stat.pickup.minecraft.wheat":42,"stat.mineBlock.astralsorcery.blockmarblestairs":6,"stat.pickup.minecraft.gravel":42,"stat.craftItem.minecraft.diamond_sword":1,"stat.jump":3769,"stat.useItem.minecraft.sand":10,"stat.pickup.minecraft.coal":243,"stat.useItem.minecraft.stone_axe":61,"stat.craftItem.minecraft.bread":3,"stat.pickup.minecraft.gunpowder":2,"stat.pickup.minecraft.spider_eye":5,"stat.craftItem.minecraft.torch":116,"stat.pickup.minecraft.dirt":260,"stat.craftItem.minecraft.iron_helmet":1,"stat.craftItem.comforts.sleeping_bag":1,"stat.useItem.minecraft.cooked_chicken":7,"stat.pickup.minecraft.iron_ore":69,"stat.useItem.minecraft.glass":5,"stat.pickup.leatherworks.rawhide_cow":7,"stat.useItem.minecraft.sapling":1,"stat.pickup.minecraft.gold_ore":3,"stat.mineBlock.minecraft.lapis_ore":1,"stat.mineBlock.minecraft.leaves2":20,"stat.mineBlock.minecraft.glass_pane":1,"stat.damageTaken":2797,"stat.pickup.minecraft.leather":1,"stat.mineBlock.minecraft.red_flower":23,"stat.mineBlock.minecraft.torch":28,"stat.mineBlock.minecraft.furnace":5,"stat.useItem.minecraft.wooden_pickaxe":13,"stat.useItem.minecraft.acacia_door":2,"stat.mineBlock.minecraft.sapling":1,"stat.craftItem.astralsorcery.itemcraftingcomponent":4,"stat.pickup.minecraft.log2":229,"stat.pickup.minecraft.reeds":23,"stat.pickup.minecraft.bed":1,"stat.pickup.opframe.opframe":1,"stat.useItem.tombstone.grave_key":3,"stat.pickup.minecraft.acacia_fence":8,"stat.pickup.minecraft.potato":64,"stat.entityKilledBy.Zombie":1,"stat.damageDealt":10478,"stat.craftItem.minecraft.glass":6,"stat.sleepInBed":16,"stat.craftItem.minecraft.baked_potato":16,"stat.killEntity.Cow":5,"stat.craftItem.minecraft.iron_sword":1,"stat.craftItem.minecraft.stone_shovel":5,"stat.walkOneCm":1172848,"stat.animalsBred":15,"stat.useItem.minecraft.chest":4,"stat.playerKills":3,"stat.pickup.minecraft.stick":21,"stat.pickup.minecraft.clay_ball":132,"stat.craftItem.elevatorid.elevator_white":2,"stat.pickup.minecraft.stone":114,"stat.pickup.minecraft.ender_pearl":2,"stat.useItem.minecraft.cactus":7,"stat.mineBlock.opframe.opframe":1,"stat.killEntity.Skeleton":10,"stat.mineBlock.minecraft.cactus":41,"stat.craftItem.minecraft.bookshelf":6,"stat.killEntity.Chicken":10,"stat.killEntity.Spider":11,"stat.pickup.astralsorcery.itemcraftingcomponent":17,"stat.mobKills":71,"stat.mineBlock.minecraft.bookshelf":7,"stat.craftItem.minecraft.shears":1,"stat.pickup.props.props":4,"stat.pickup.minecraft.diamond":16,"stat.mineBlock.minecraft.leaves":22,"stat.pickup.minecraft.beetroot_seeds":19,"stat.pickup.minecraft.torch":37,"stat.mineBlock.minecraft.redstone_ore":36,"stat.mineBlock.railcraft.generic":17,"stat.pickup.astralsorcery.blockmarble":58,"stat.mineBlock.astralsorcery.blockcustomsandore":8,"stat.mineBlock.minecraft.stone":734,"stat.useItem.minecraft.sandstone":10}