{"stat.pickup.minecraft.bone":5,"stat.leaveGame":6,"stat.mineBlock.minecraft.pumpkin":3,"stat.pickup.minecraft.stone_pickaxe":1,"stat.mineBlock.minecraft.yellow_flower":1,"stat.pickup.minecraft.flower_pot":1,"stat.swimOneCm":17282,"stat.climbOneCm":2545,"stat.pickup.minecraft.cooked_porkchop":5,"stat.pickup.minecraft.porkchop":40,"stat.useItem.minecraft.dirt":16,"stat.useItem.minecraft.stone_slab2":3,"stat.pickup.minecraft.rotten_flesh":4,"stat.useItem.minecraft.egg":1,"stat.pickup.minecraft.cobblestone":7,"stat.flyOneCm":361817,"stat.killEntity.Witch":1,"stat.pickup.minecraft.cactus":3,"stat.timeSinceDeath":32581,"stat.useItem.minecraft.iron_pickaxe":35,"stat.pickup.minecraft.mutton":31,"stat.pickup.railcraft.track_flex_abandoned":2,"stat.furnaceInteraction":12,"stat.mineBlock.minecraft.rail":7,"stat.useItem.minecraft.cooked_porkchop":5,"stat.killEntity.ZombieVillager":1,"stat.mineBlock.minecraft.coal_ore":22,"stat.killEntity.Creeper":1,"stat.talkedToVillager":1,"stat.pickup.minecraft.string":3,"stat.pickup.comforts.sleeping_bag":1,"stat.pickup.tombstone.crafting_ingredient":1,"stat.craftItem.minecraft.stone_slab2":0,"stat.sprintOneCm":255434,"stat.mineBlock.railcraft.equipment":1,"stat.craftItem.minecraft.stick":4,"stat.mineBlock.railcraft.track_outfitted":2,"stat.useItem.minecraft.carrot":20,"stat.deaths":1,"stat.pickup.minecraft.egg":5,"stat.playOneMinute":89880,"stat.useItem.minecraft.wooden_sword":58,"stat.killEntity.Sheep":20,"stat.killEntity.Zombie":7,"stat.mineBlock.minecraft.tallgrass":29,"stat.diveOneCm":14158,"stat.pickup.minecraft.wheat":20,"stat.chestOpened":5,"stat.pickup.minecraft.pumpkin":3,"stat.pickup.minecraft.waterlily":4,"stat.useItem.minecraft.apple":2,"stat.jump":1795,"stat.pickup.minecraft.coal":22,"stat.fallOneCm":42405,"stat.pickup.minecraft.carrot":61,"stat.pickup.minecraft.gunpowder":1,"stat.craftItem.minecraft.bread":6,"stat.crouchOneCm":222,"stat.mineBlock.minecraft.chest":1,"stat.pickup.minecraft.rail":7,"stat.pickup.minecraft.spider_eye":1,"stat.pickup.minecraft.dirt":29,"stat.craftItem.comforts.sleeping_bag":1,"stat.useItem.minecraft.cooked_chicken":6,"stat.craftingTableInteraction":4,"stat.pickup.leatherworks.rawhide_pig":8,"stat.boatOneCm":285178,"stat.mineBlock.minecraft.glass_pane":1,"stat.damageTaken":1819,"stat.pickup.minecraft.feather":8,"stat.mineBlock.minecraft.red_flower":3,"stat.craftItem.minecraft.wooden_sword":1,"stat.pickup.minecraft.planks":1,"stat.pickup.railcraft.track_kit":2,"stat.mineBlock.railcraft.track_flex_abandoned":2,"stat.pickup.minecraft.reeds":6,"stat.pickup.minecraft.wheat_seeds":60,"stat.entityKilledBy.Zombie":1,"stat.useItem.minecraft.stone_sword":149,"stat.damageDealt":6564,"stat.sleepInBed":1,"stat.mineBlock.minecraft.dirt":2,"stat.killEntity.Pig":20,"stat.walkOneCm":356103,"stat.useItem.minecraft.bread":6,"stat.pickup.minecraft.stick":2,"stat.craftItem.minecraft.crafting_table":2,"stat.mineBlock.minecraft.double_plant":2,"stat.pickup.minecraft.log":8,"stat.pickup.minecraft.chicken":9,"stat.pickup.minecraft.sapling":4,"stat.pickup.minecraft.apple":3,"stat.pickup.railcraft.equipment":1,"stat.killEntity.Skeleton":1,"stat.pickup.minecraft.beetroot":8,"stat.mineBlock.minecraft.cactus":2,"stat.craftItem.minecraft.planks":32,"stat.killEntity.Chicken":7,"stat.killEntity.Spider":3,"stat.pickup.minecraft.stone_sword":1,"stat.mobKills":61,"stat.pickup.minecraft.book":24,"stat.mineBlock.minecraft.log":8,"stat.mineBlock.minecraft.bookshelf":4,"stat.craftItem.minecraft.cooked_chicken":6,"stat.mineBlock.minecraft.leaves":10,"stat.pickup.minecraft.beetroot_seeds":18,"stat.pickup.minecraft.red_flower":7,"stat.sneakTime":147,"stat.pickup.minecraft.wool":21,"stat.pickup.minecraft.stone_slab":2,"stat.mineBlock.minecraft.stone":1}