{"stat.leaveGame":6,"stat.mineBlock.minecraft.pumpkin":3,"stat.mineBlock.minecraft.cobblestone":3,"stat.pickup.minecraft.flint":1,"stat.mineBlock.minecraft.yellow_flower":1,"stat.swimOneCm":16406,"stat.climbOneCm":1903,"stat.useItem.minecraft.planks":6,"stat.pickup.minecraft.cooked_porkchop":7,"stat.pickup.minecraft.porkchop":6,"stat.useItem.minecraft.stone_slab2":6,"stat.pickup.minecraft.rotten_flesh":19,"stat.craftItem.minecraft.furnace":2,"stat.craftItem.minecraft.stone_axe":1,"stat.pickup.minecraft.anvil":1,"stat.craftItem.minecraft.stone_pickaxe":2,"stat.killEntity.Enderman":1,"stat.pickup.minecraft.cobblestone":35,"stat.mineBlock.minecraft.clay":3,"stat.craftItem.minecraft.stone_sword":2,"stat.flyOneCm":293850,"stat.timeSinceDeath":26513,"stat.craftItem.minecraft.wooden_pickaxe":1,"stat.pickup.minecraft.mutton":22,"stat.pickup.minecraft.double_plant":4,"stat.craftItem.minecraft.bed":1,"stat.trappedChestTriggered":1,"stat.furnaceInteraction":12,"stat.useItem.minecraft.cooked_porkchop":2,"stat.talkedToVillager":3,"stat.pickup.minecraft.string":1,"stat.pickup.minecraft.furnace":2,"stat.craftItem.minecraft.stone_slab2":0,"stat.pickup.minecraft.cauldron":3,"stat.sprintOneCm":236192,"stat.mineBlock.minecraft.stone_slab":1,"stat.craftItem.minecraft.wooden_axe":1,"stat.craftItem.minecraft.stick":28,"stat.mineBlock.minecraft.sea_lantern":1,"stat.mineBlock.minecraft.crafting_table":2,"stat.useItem.minecraft.carrot":37,"stat.mineBlock.minecraft.planks":1,"stat.deaths":1,"stat.drop":8,"stat.pickup.minecraft.egg":2,"stat.playOneMinute":76015,"stat.killEntity.Sheep":16,"stat.killEntity.Zombie":4,"stat.craftItem.minecraft.dye":1,"stat.mineBlock.minecraft.tallgrass":187,"stat.diveOneCm":13087,"stat.chestOpened":4,"stat.pickup.minecraft.pumpkin":3,"stat.pickup.minecraft.waterlily":4,"stat.mineBlock.minecraft.anvil":1,"stat.useItem.minecraft.apple":1,"stat.jump":1440,"stat.fallOneCm":37546,"stat.pickup.minecraft.carrot":101,"stat.useItem.minecraft.stone_axe":32,"stat.pickup.minecraft.gunpowder":2,"stat.crouchOneCm":7,"stat.pickup.minecraft.spider_eye":1,"stat.pickup.minecraft.dirt":18,"stat.craftItem.comforts.sleeping_bag":1,"stat.useItem.minecraft.cooked_chicken":4,"stat.craftingTableInteraction":11,"stat.pickup.leatherworks.rawhide_pig":2,"stat.boatOneCm":309729,"stat.pickup.minecraft.wooden_pickaxe":1,"stat.damageTaken":1434,"stat.pickup.minecraft.feather":3,"stat.mineBlock.minecraft.red_flower":16,"stat.mineBlock.minecraft.furnace":2,"stat.useItem.minecraft.wooden_pickaxe":27,"stat.craftItem.minecraft.wooden_sword":1,"stat.pickup.minecraft.log2":51,"stat.pickup.minecraft.planks":16,"stat.pickup.minecraft.reeds":10,"stat.pickup.minecraft.prismarine_crystals":2,"stat.pickup.minecraft.bed":2,"stat.pickup.minecraft.wheat_seeds":39,"stat.pickup.minecraft.potato":44,"stat.entityKilledBy.Zombie":1,"stat.mineBlock.minecraft.gravel":1,"stat.useItem.minecraft.stone_pickaxe":43,"stat.useItem.minecraft.stone_sword":94,"stat.damageDealt":4894,"stat.sleepInBed":1,"stat.mineBlock.minecraft.dirt":12,"stat.useItem.minecraft.crafting_table":1,"stat.killEntity.Pig":3,"stat.drop.minecraft.reeds":4,"stat.pickup.minecraft.boat":5,"stat.walkOneCm":262775,"stat.drop.minecraft.rotten_flesh":4,"stat.pickup.minecraft.crafting_table":3,"stat.pickup.minecraft.clay_ball":8,"stat.craftItem.minecraft.crafting_table":2,"stat.mineBlock.minecraft.double_plant":10,"stat.craftItem.minecraft.boat":1,"stat.pickup.minecraft.log":50,"stat.useItem.railcraft.tool_spike_maul_iron":44,"stat.pickup.minecraft.chicken":4,"stat.pickup.minecraft.sapling":3,"stat.pickup.minecraft.ender_pearl":1,"stat.pickup.minecraft.wooden_door":1,"stat.pickup.minecraft.apple":2,"stat.killEntity.Skeleton":3,"stat.pickup.minecraft.beetroot":1,"stat.craftItem.minecraft.planks":84,"stat.killEntity.durahanzombie":1,"stat.killEntity.Chicken":4,"stat.killEntity.Spider":2,"stat.mobKills":34,"stat.pickup.minecraft.book":6,"stat.mineBlock.minecraft.log":15,"stat.mineBlock.minecraft.bookshelf":7,"stat.craftItem.minecraft.cooked_chicken":4,"stat.useItem.minecraft.boat":4,"stat.mineBlock.minecraft.leaves":27,"stat.pickup.minecraft.beetroot_seeds":8,"stat.pickup.minecraft.red_flower":29,"stat.sneakTime":5,"stat.pickup.minecraft.wool":17,"stat.useItem.minecraft.wooden_axe":7,"stat.pickup.minecraft.yellow_flower":2,"stat.mineBlock.minecraft.stone":32}